{
    "trans": [
        [
            -81.42790918101268
        ],
        [
            -0.530016344380774
        ],
        [
            5.572898413968161
        ]
    ],
    "rot": [
        [
            0.9994840168740257,
            0.03149294908927188,
            0.006316183263873615
        ],
        [
            -0.03157391969844502,
            0.9994148057726214,
            0.013158024067065314
        ],
        [
            -0.005898102087829022,
            -0.013350661411849757,
            0.9998934804426058
        ]
    ]
}